POINT,NORTH,EAST,ELEV,DESC
1,1981537.847,569633.1229,78.6517,er
2,1981538.99,569626.291,78.6734,er
3,1981541.694,569618.8215,78.9416,er
4,1981527.274,569609.4864,79.4093,er
5,1981524.248,569614.1537,79.4861,er
6,1981506.647,569603.1621,80.3237,er
7,1981509.999,569597.273,80.2833,er
8,1981490.762,569590.6589,79.5446,er
9,1981494.539,569584.6682,79.571,er
10,1981481.058,569574.4555,79.2869,er
11,1981476.248,569580.0199,79.3484,er
12,1981463.729,569569.281,79.0551,er
13,1981467.948,569564.4324,78.963,er
14,1981459.001,569554.8476,78.4545,er
15,1981454.824,569559.77,78.6012,er
16,1981445.655,569546.4229,77.7415,er
17,1981451.143,569542.7406,77.651,er
18,1981440.641,569523.8994,75.8031,er
19,1981434.323,569525.5657,75.7686,er
20,1981431.82,569507.3571,75.0015,er
21,1981424.828,569509.9371,75.3187,er
22,1981422.647,569488.9092,74.7586,er
23,1981415.552,569491.6291,74.8309,er
24,1981414.649,569473.0413,75.0073,er
25,1981407.69,569477.9715,74.8671,er
26,1981405.377,569472.7469,75.0859,er
27,1981412.213,569466.9922,75.3725,bbm no. 43
28,1981397.191,569442.0818,76.5442,er
29,1981389.976,569446.9245,76.3952,er
30,1981385.028,569425.1892,76.5733,er
31,1981377.999,569429.4343,76.6602,er
32,1981374.484,569412.6567,76.571,er
33,1981368.36,569418.1937,76.7276,er
34,1981356.803,569399.8469,76.7827,er
35,1981351.118,569405.1437,77.0925,er
36,1981342.331,569390.1378,77.1167,er
37,1981336.864,569394.2864,77.5071,er
38,1981335.956,569381.3074,77.263,er
39,1981329.934,569385.7216,77.5691,er
40,1981296.795,569399.4628,77.2445,acl cp
41,1981333.648,569392.3056,77.3547,acl cp
42,1981530.398,569637.886,78.1031,er
43,1981528.749,569622.3564,78.2049,er
44,1981494.259,569617.929,75.7074,er
45,1981490.706,569634.1851,75.3374,er
46,1981453.015,569632.0496,71.0825,er
47,1981451.644,569614.7331,71.2259,er
48,1981392.466,569612.1583,63.8103,er
49,1981392.303,569629.9278,63.5929,er
50,1981252.23,569647.1396,45.2583,er
51,1981254.094,569664.6833,44.517,er
52,1981249.876,569641.2654,44.039,acl/cp
53,1981345.958,569616.282,58.7945,tp
54,1981345.805,569613.4593,59.25,tp
55,1981345.615,569610.2599,59.6279,tp
56,1981345.438,569606.9077,59.8856,tp
57,1981346.039,569603.8484,59.7774,tp
58,1981346.18,569601.143,59.9453,tp
59,1981344.67,569597.9256,60.1997,tp
60,1981344.025,569596.0676,59.9483,tp
61,1981344.534,569593.7236,59.8567,tp
62,1981344.211,569591.263,59.3066,tp
63,1981343.677,569588.7624,58.577,tp
64,1981342.218,569585.1801,57.5251,tp
65,1981340.858,569583.0826,57.2338,tp
66,1981340.005,569580.829,57.0517,tp
67,1981338.994,569578.6797,56.562,tp
68,1981337.088,569576.4527,56.2635,tp
69,1981335.847,569574.6853,55.4271,tp
70,1981335.061,569573.4306,54.6496,tp
71,1981334.199,569571.3508,53.8136,tp
72,1981333.226,569569.3847,53.1985,tp
73,1981332.471,569566.8545,52.6526,tp
74,1981331.896,569564.8652,52.4093,tp
75,1981332.268,569562.7987,51.9476,tp
76,1981332.329,569560.6899,51.4569,tp
77,1981331.227,569558.481,50.6972,tp
78,1981330.891,569555.6735,50.0387,tp
79,1981330.855,569553.3919,50.5528,tp
80,1981331.687,569551.7373,51.1071,tp
81,1981333.293,569548.0579,50.6119,tp
82,1981333.43,569547.4815,50.5397,tp
83,1981332.417,569552.1513,50.9623,tp
84,1981331.756,569554.7796,50.3676,tp
85,1981332.945,569556.5611,50.419,tp
86,1981334.593,569559.0056,51.2024,tp
87,1981337.22,569559.2926,51.5779,tp
88,1981339.783,569559.7629,51.4706,tp
89,1981340.271,569556.9545,51.2856,tp
90,1981339.831,569553.1574,51.4917,tp
91,1981342.805,569552.7446,51.8846,tp
92,1981343.212,569556.2945,51.8075,tp
93,1981342.251,569558.8512,51.572,tp
94,1981343.582,569561.8043,51.912,tp
95,1981340.99,569561.7054,51.6455,tp
96,1981337.648,569562.1585,51.5467,tp
97,1981339.007,569565.4186,52.3085,tp
98,1981342.22,569565.3207,52.2409,tp
99,1981345.841,569564.405,52.2381,tp
100,1981345.848,569566.8659,52.928,tp
101,1981346.438,569570.0136,54.0261,tp
102,1981343.736,569569.7304,53.8978,tp
103,1981341.238,569569.6866,53.6366,tp
104,1981339.205,569569.2802,53.3686,tp
105,1981337.104,569570.0643,53.8635,tp
106,1981333.911,569569.7562,53.3471,tp
107,1981334.539,569572.878,54.4564,tp
108,1981336.639,569573.033,54.7215,tp
109,1981338.337,569573.4013,55.1534,tp
110,1981340.684,569572.7769,54.9979,tp
111,1981344.942,569573.3227,55.6914,tp
112,1981347.484,569573.2599,55.3703,tp
113,1981350.314,569572.613,55.5613,tp
114,1981353.401,569573.6325,55.976,tp
115,1981356.57,569575.1142,56.7244,tp
116,1981358.387,569571.6933,56.0457,tp
117,1981357.257,569568.8238,54.3409,tp
118,1981352.127,569565.9622,52.9869,tp
119,1981349.045,569562.3243,53.0142,tp
120,1981349.337,569558.1858,52.3234,tp
121,1981351.121,569556.1499,53.4123,tp
122,1981353.563,569559.1218,53.5056,tp
123,1981355.314,569561.0644,53.2031,tp
124,1981358.145,569562.6067,53.4989,tp
125,1981360.4,569564.2208,53.8312,tp
126,1981361.134,569566.2482,53.8642,tp
127,1981364.024,569567.8196,53.8487,tp
128,1981366.755,569566.0151,54.0092,tp
129,1981366.812,569563.6092,54.9878,tp
130,1981363.76,569569.8962,54.4554,tp
131,1981359.976,569571.8494,56.1033,tp
132,1981355.556,569576.5669,57.3144,tp
133,1981360.78,569575.4962,57.5439,tp
134,1981359.282,569578.7216,58.2517,tp
135,1981351.393,569578.8479,57.4624,tp
136,1981347.953,569578.735,57.1767,tp
137,1981344.469,569578.8858,57.1891,tp
138,1981344.187,569581.8562,57.6713,tp
139,1981346.623,569583.8219,58.3193,tp
140,1981349.636,569584.8219,58.938,tp
141,1981351.103,569586.7355,58.4571,tp
142,1981354.713,569587.2529,59.6645,tp
143,1981354.928,569583.4038,59.1599,tp
144,1981360.019,569581.3269,58.7911,tp
145,1981360.263,569585.3182,59.4909,tp
146,1981357.762,569589.7347,60.1488,tp
147,1981361.433,569589.6048,60.1762,tp
148,1981350.709,569592.8605,60.617,tp
149,1981349.127,569597.9547,60.3152,tp
150,1981341.61,569605.3235,59.0529,tp
151,1981346.472,569603.9984,59.9061,tp
152,1981347.857,569608.995,60.0609,tp
153,1981348.811,569612.0145,59.6502,tp
154,1981347.962,569614.8032,59.6265,tp
155,1981352.466,569614.5761,59.718,tp
156,1981351.811,569611.1618,59.8017,tp
157,1981351.232,569608.0037,60.0267,tp
158,1981350.292,569604.7457,60.2712,tp
159,1981348.999,569600.9979,60.1789,tp
160,1981353.923,569601.0893,60.4693,tp
161,1981354.84,569603.4451,60.5445,tp
162,1981354.994,569607.3372,60.1848,tp
163,1981355.328,569609.7188,59.8679,tp
164,1981357.694,569610.6322,60.0861,tp
165,1981355.836,569613.9411,59.8946,tp
166,1981359.391,569613.126,60.3612,tp
167,1981358.451,569608.8245,60.0981,tp
168,1981357.11,569606.2647,60.2183,tp
169,1981356.478,569603.7214,60.4314,tp
170,1981356.456,569600.6545,60.5447,tp
171,1981356.011,569596.7444,60.5885,tp
172,1981355.558,569594.0972,60.6585,tp
173,1981358.108,569594.5436,60.7598,tp
174,1981359.926,569590.9555,60.5024,tp
175,1981359.538,569594.6705,60.9007,tp
176,1981359.432,569596.8759,60.922,tp
177,1981359.364,569600.3611,60.7627,tp
178,1981359.394,569603.9204,60.4635,tp
179,1981359.257,569606.8761,60.3066,tp
180,1981359.288,569609.5093,60.1534,tp
181,1981359.587,569612.7586,60.1872,tp
182,1981362.768,569612.0012,60.4913,tp
183,1981362.367,569608.8926,60.3011,tp
184,1981362.146,569606.5161,60.4682,tp
185,1981362.109,569603.7586,60.6523,tp
186,1981362.274,569601.3116,60.8364,tp
187,1981362.449,569598.6676,61.1516,tp
188,1981362.755,569595.6193,61.1163,tp
189,1981363.663,569593.2323,60.8123,tp
190,1981364.666,569590.4938,60.4162,tp
191,1981365.62,569589.1322,60.1603,tp
192,1981367.454,569591.092,60.7214,tp
193,1981367.245,569594.0707,61.2074,tp
194,1981366.875,569598.4109,61.6282,tp
195,1981367.037,569600.5069,61.1548,tp
196,1981366.79,569603.3034,60.9681,tp
197,1981366.501,569606.2284,60.7142,tp
198,1981366.348,569608.6195,60.7639,tp
199,1981366.534,569611.4327,60.8807,tp
200,1981369.52,569610.2244,61.3212,tp
201,1981371.328,569610.1933,61.4616,tp
202,1981371.016,569607.463,61.066,tp
203,1981370.452,569604.8059,61.1709,tp
204,1981370.126,569601.5657,61.3938,tp
205,1981369.516,569599.0948,61.4058,tp
206,1981368.479,569593.7135,61.2181,tp
207,1981368.228,569589.5066,60.5302,tp
208,1981370.987,569589.1916,60.9769,tp
209,1981370.694,569587.2429,60.2641,tp
210,1981372.325,569591.3249,61.4559,tp
211,1981373.284,569593.7262,61.8838,tp
212,1981373.427,569596.652,62.2359,tp
213,1981375.146,569600.3909,61.9417,tp
214,1981375.771,569602.8278,61.7028,tp
215,1981376.264,569604.6615,61.799,tp
216,1981377.009,569606.6109,61.661,tp
217,1981377.345,569608.5837,61.7676,tp
218,1981379.25,569608.3175,61.824,tp
219,1981380.8,569607.9749,61.9197,tp
220,1981380.813,569605.1858,61.9852,tp
221,1981380.329,569602.7515,62.0749,tp
222,1981379.944,569599.8635,62.0866,tp
223,1981379.875,569598.5256,62.3435,tp
224,1981378.509,569594.0034,62.6357,tp
225,1981377.791,569590.7112,62.2945,tp
226,1981376.661,569587.9852,61.4574,tp
227,1981375.938,569585.7471,60.8194,tp
228,1981374.927,569582.3382,60.0179,tp
229,1981373.949,569580.0937,59.3345,tp
230,1981373.443,569577.3995,58.4192,tp
231,1981373.341,569574.0343,57.5058,tp
232,1981372.242,569572.7223,57.1649,tp
233,1981378.276,569572.9324,57.864,tp
234,1981378.864,569571.4484,57.0392,tp
235,1981380.451,569575.408,58.2807,tp
236,1981382.061,569574.2037,57.3957,tp
237,1981384.605,569576.557,58.1577,tp
238,1981387.529,569577.3615,58.609,tp
239,1981389.554,569578.3613,59.2253,tp
240,1981391.806,569579.3563,59.7915,tp
241,1981393.434,569577.9388,61.4039,tp
242,1981391.955,569576.018,60.7372,tp
243,1981389.868,569574.4182,60.2561,tp
244,1981387.895,569573.6936,59.6321,tp
245,1981385.483,569572.7592,58.7312,tp
246,1981387.378,569570.7422,60.0512,tp
247,1981384.544,569568.8469,59.4887,tp
248,1981382.64,569567.042,59.1893,tp
249,1981381.379,569568.6157,58.4469,tp
250,1981379.551,569566.4447,58.3281,tp
251,1981378.635,569566.9603,57.9795,tp
252,1981376.663,569567.7586,57.3362,tp
253,1981380.291,569577.6116,58.8391,tp
254,1981379.275,569581.4374,60.1425,tp
255,1981381.786,569582.4321,60.4485,tp
256,1981381.427,569585.8565,61.6392,tp
257,1981381.756,569587.8994,62.2551,tp
258,1981382.17,569590.8391,63.1584,tp
259,1981382.794,569593.1659,63.1786,tp
260,1981383.359,569595.7507,62.9659,tp
261,1981383.535,569598.3772,62.8274,tp
262,1981383.706,569601.6281,62.3453,tp
263,1981384.276,569604.1104,62.2345,tp
264,1981386.094,569606.4381,62.7152,tp
265,1981387.519,569606.4059,62.9182,tp
266,1981387.819,569603.5584,62.5938,tp
267,1981387.796,569600.3562,62.7122,tp
268,1981387.608,569597.4338,63.2221,tp
269,1981387.668,569595.2082,63.2968,tp
270,1981387.679,569592.6577,63.2053,tp
271,1981387.652,569589.9224,62.6894,tp
272,1981387.516,569587.349,61.942,tp
273,1981387.264,569584.8013,61.2692,tp
274,1981387.417,569582.3594,60.582,tp
275,1981390.642,569583.3049,61.1499,tp
276,1981391.211,569586.1978,61.9795,tp
277,1981394.565,569584.7565,61.4652,tp
278,1981394.055,569587.8694,62.5957,tp
279,1981390.46,569588.9535,62.6686,tp
280,1981393.634,569591.2057,63.3882,tp
281,1981390.806,569592.7034,63.3549,tp
282,1981391.44,569595.558,63.5062,tp
283,1981394.217,569595.8971,63.6899,tp
284,1981394.463,569598.651,63.5841,tp
285,1981390.976,569599.6301,63.2094,tp
286,1981391.054,569603.0051,63.2036,tp
287,1981391.299,569605.9131,63.3602,tp
288,1981394.709,569605.629,63.8528,tp
289,1981394.844,569602.7351,63.8929,tp
290,1981398.324,569605.628,64.4567,tp
291,1981401.782,569605.6187,64.9951,tp
292,1981402.095,569602.6703,64.8397,tp
293,1981398.553,569601.925,64.2825,tp
294,1981398.335,569599.0704,64.0592,tp
295,1981402.076,569598.8102,64.7095,tp
296,1981402.572,569595.3163,64.563,tp
297,1981399.006,569594.7514,64.1746,tp
298,1981398.801,569592.0572,63.7516,tp
299,1981401.755,569591.4485,63.854,tp
300,1981403.526,569589.4805,63.0023,tp
301,1981401.134,569587.2103,62.5392,tp
302,1981402.299,569585.46,62.9542,tp
303,1981403.249,569583.4296,63.1559,tp
304,1981399.678,569582.7347,62.345,tp
305,1981398.723,569584.6839,61.79,tp
306,1981398.487,569591.7819,63.7451,tp
307,1981406.823,569594.9764,64.8177,tp
308,1981407.544,569592.4971,64.2295,tp
309,1981409.303,569593.4686,64.7015,tp
310,1981408.866,569596.74,65.2489,tp
311,1981407.905,569597.0337,65.2253,tp
312,1981406.449,569601.1861,65.3671,tp
313,1981408.974,569602.4633,65.7901,tp
314,1981409.227,569605.5733,65.8344,tp
315,1981405.768,569605.5912,65.4917,tp
316,1981412.561,569605.8562,66.3311,tp
317,1981415.969,569606.081,66.9726,tp
318,1981416.578,569603.1504,66.7704,tp
319,1981412.605,569602.0515,66.0755,tp
320,1981414.09,569598.6384,66.1875,tp
321,1981416.566,569598.1607,66.852,tp
322,1981416.042,569595.8604,66.6973,tp
323,1981414.935,569594.6753,66.2084,tp
324,1981412.261,569593.5761,65.6511,tp
325,1981412.438,569590.2526,65.1746,tp
326,1981412.187,569587.6974,65.42,tp
327,1981412.29,569584.6787,65.87,tp
328,1981412.238,569582.0178,66.189,tp
329,1981414.435,569581.9367,66.772,tp
330,1981416.906,569581.0093,67.2524,tp
331,1981417.74,569583.4747,67.3421,tp
332,1981415.621,569583.7821,66.8542,tp
333,1981414.702,569586.96,65.9946,tp
334,1981418.111,569587.6591,67.0486,tp
335,1981417.292,569590.3379,66.3309,tp
336,1981415.219,569590.0101,65.7186,tp
337,1981417.619,569591.7404,66.7949,tp
338,1981420.559,569592.1645,67.4237,tp
339,1981420.529,569594.8842,67.5919,tp
340,1981417.896,569595.2643,66.9305,tp
341,1981417.597,569597.3915,67.0406,tp
342,1981420.395,569597.3735,67.6545,tp
343,1981421.173,569599.3743,67.8664,tp
344,1981419.75,569602.5907,67.4696,tp
345,1981419.246,569605.5229,67.6022,tp
346,1981416.511,569606.0069,66.9596,tp
347,1981416.707,569603.2371,66.7196,tp
348,1981423.091,569606.4161,68.0674,tp
349,1981426.391,569606.135,68.6614,tp
350,1981427.696,569603.8584,68.7937,tp
351,1981424.08,569603.1317,68.3557,tp
352,1981424.315,569600.8855,68.3628,tp
353,1981426.771,569601.005,68.7518,tp
354,1981427.764,569597.7104,69.1567,tp
355,1981424.703,569597.5749,68.5076,tp
356,1981423.424,569595.6051,68.1261,tp
357,1981423.098,569593.668,67.9185,tp
358,1981425.255,569593.7749,68.4808,tp
359,1981425.58,569591.4279,68.4272,tp
360,1981422.883,569591.991,67.8432,tp
361,1981422.516,569589.5738,68.0169,tp
362,1981424.94,569589.5706,68.5562,tp
363,1981424.912,569586.8683,68.829,tp
364,1981422.289,569586.8333,68.2048,tp
365,1981421.52,569584.5236,68.069,tp
366,1981421.445,569584.363,68.0626,tp
367,1981424.006,569584.0386,68.6974,tp
368,1981423.833,569581.0501,68.9427,tp
369,1981421.36,569581.4544,68.0163,tp
370,1981419.015,569578.9354,67.4233,tp
371,1981421.254,569576.6849,68.3443,tp
372,1981423.531,569575.9931,69.3312,tp
373,1981425.795,569575.386,69.8358,tp
374,1981427.091,569577.6919,70.1001,tp
375,1981427.059,569577.8399,70.0806,tp
376,1981425.114,569579.2393,69.5049,tp
377,1981425.497,569582.124,69.3685,tp
378,1981427.833,569582.0197,70.086,tp
379,1981429.038,569584.2217,70.3263,tp
380,1981427.207,569585.7291,69.8173,tp
381,1981427.796,569587.5001,69.7744,tp
382,1981429.649,569587.2736,70.3216,tp
383,1981430.565,569589.8194,70.1996,tp
384,1981428.102,569590.8929,69.3306,tp
385,1981428.726,569592.5616,69.4539,tp
386,1981431.254,569592.6199,70.1979,tp
387,1981431.815,569594.5941,70.1176,tp
388,1981429.727,569595.325,69.5721,tp
389,1981429.788,569597.724,69.6077,tp
390,1981431.933,569597.2982,70.1147,tp
391,1981432.991,569599.6334,70.1031,tp
392,1981430.955,569599.9708,69.6546,tp
393,1981431.056,569602.0784,69.4112,tp
394,1981433.4,569602.614,69.7992,tp
395,1981433.671,569604.8096,69.8379,tp
396,1981430.925,569605.2895,69.2249,tp
397,1981430.461,569606.8937,69.1108,tp
398,1981433.857,569607.2391,69.5501,tp
399,1981437.078,569607.3472,70.1426,tp
400,1981440.354,569607.7049,70.5834,tp
401,1981440.947,569605.4018,70.8798,tp
402,1981438.01,569604.3236,70.4061,tp
403,1981437.403,569601.4768,70.652,tp
404,1981440.024,569601.5293,71.3142,tp
405,1981439.929,569598.6268,71.3964,tp
406,1981436.693,569597.4993,70.9138,tp
407,1981435.587,569595.0361,70.7877,tp
408,1981437.745,569594.3934,71.2971,tp
409,1981437.268,569591.8479,71.2398,tp
410,1981434.168,569591.9083,70.7403,tp
411,1981433.067,569589.0338,70.7048,tp
412,1981434.821,569588.216,71.0843,tp
413,1981434.123,569584.5239,71.257,tp
414,1981432.206,569584.5038,70.8153,tp
415,1981431.097,569581.634,70.7977,tp
416,1981433.733,569580.4748,71.4497,tp
417,1981433.226,569577.0224,71.6252,tp
418,1981430.347,569576.7256,70.881,tp
419,1981429.703,569573.1036,70.9082,tp
420,1981432.248,569572.462,71.7865,tp
421,1981435.122,569571.6827,72.5597,tp
422,1981436.965,569571.2725,72.8791,tp
423,1981437.577,569574.4271,72.768,tp
424,1981435.142,569575.6887,72.1222,tp
425,1981435.841,569578.823,71.9501,tp
426,1981437.971,569578.5286,72.433,tp
427,1981439.257,569581.5508,72.2916,tp
428,1981436.895,569582.7401,71.8024,tp
429,1981437.66,569585.4084,71.6588,tp
430,1981440.794,569585.8807,72.104,tp
431,1981441.645,569588.9109,72.0077,tp
432,1981439.302,569590.417,71.638,tp
433,1981440.185,569593.8168,71.6795,tp
434,1981443.263,569593.9382,72.0582,tp
435,1981444.567,569597.0473,72.1562,tp
436,1981441.893,569598.3179,71.769,tp
437,1981442.608,569601.6233,71.7977,tp
438,1981445.356,569601.4795,72.239,tp
439,1981446.397,569604.2668,72.2908,tp
440,1981444.3,569605.1817,71.8199,tp
441,1981444.287,569607.9476,71.2478,tp
442,1981447.38,569608.1643,72.0686,tp
443,1981451.576,569608.6608,72.7228,tp
444,1981454.422,569608.6338,73.3602,tp
445,1981454.537,569605.5044,73.5285,tp
446,1981450.377,569605.0374,72.8187,tp
447,1981450.233,569602.125,72.8799,tp
448,1981449.633,569599.0959,72.7477,tp
449,1981452.705,569599.277,73.2485,tp
450,1981452.188,569596.5238,73.2957,tp
451,1981449.486,569596.6862,72.755,tp
452,1981448.59,569594.2949,72.7449,tp
453,1981450.906,569593.9084,73.1545,tp
454,1981450.423,569591.4244,73.1589,tp
455,1981447.78,569591.6843,72.804,tp
456,1981447.006,569589.2851,72.818,tp
457,1981449.317,569588.4096,73.2446,tp
458,1981448.293,569585.5281,73.3852,tp
459,1981445.833,569586.0709,72.8639,tp
460,1981444.903,569583.1909,73.0189,tp
461,1981447.146,569582.0671,73.49,tp
462,1981446.028,569579.9026,73.3746,tp
463,1981442.468,569581.0367,72.7453,tp
464,1981440.848,569579.2623,72.82,tp
465,1981442.244,569577.8561,73.1907,tp
466,1981441.381,569575.7384,73.1962,tp
467,1981438.72,569575.6444,72.8708,tp
468,1981436.867,569572.8481,72.8384,tp
469,1981438.94,569571.758,73.0794,tp
470,1981437.538,569569.0325,73.0148,tp
471,1981434.407,569570.2172,72.3995,tp
472,1981441.128,569568.5198,73.5545,tp
473,1981444.442,569566.9678,74.0336,tp
474,1981445.672,569569.1372,74.0374,tp
475,1981443.69,569570.9037,73.6988,tp
476,1981444.408,569573.7744,73.738,tp
477,1981446.861,569573.082,74.0499,tp
478,1981447.949,569575.4438,74.0459,tp
479,1981445.889,569576.5905,73.684,tp
480,1981446.846,569579.7094,73.5281,tp
481,1981449.477,569579.2107,73.8857,tp
482,1981450.653,569581.524,73.8893,tp
483,1981448.5,569582.9271,73.565,tp
484,1981449.165,569585.5401,73.5249,tp
485,1981451.921,569585.6427,73.7928,tp
486,1981453.258,569588.2071,73.8777,tp
487,1981451.338,569589.2688,73.4754,tp
488,1981451.978,569592.2509,73.3753,tp
489,1981454.785,569591.9521,73.874,tp
490,1981455.927,569594.2444,74.0515,tp
491,1981453.706,569595.4872,73.6332,tp
492,1981454.626,569598.2717,73.6669,tp
493,1981457.146,569598.1234,74.1395,tp
494,1981458.287,569600.2896,74.2054,tp
495,1981456.132,569601.0574,73.8738,tp
496,1981456.832,569603.5426,73.9118,tp
497,1981457.545,569605.7318,73.9517,tp
498,1981459.783,569606.4168,74.2199,tp
499,1981461.639,569609.0484,74.0024,tp
500,1981458.627,569608.9892,73.6144,tp
501,1981465.219,569609.3121,74.6883,tp
502,1981468.744,569610.003,74.8775,tp
503,1981468.863,569605.8935,75.422,tp
504,1981465.456,569605.3252,74.9947,tp
505,1981464.31,569602.5975,74.9951,tp
506,1981466.854,569600.6166,75.2747,tp
507,1981465.866,569597.5137,75.2014,tp
508,1981462.061,569597.941,74.772,tp
509,1981460.4,569595.1013,74.5503,tp
510,1981462.931,569593.3145,74.9686,tp
511,1981461.559,569589.3666,74.7649,tp
512,1981457.451,569589.9438,74.336,tp
513,1981455.639,569586.7278,74.207,tp
514,1981458.674,569584.7308,74.6586,tp
515,1981458.121,569581.4564,74.9186,tp
516,1981454.127,569582.2388,74.1701,tp
517,1981452.624,569578.8467,74.2543,tp
518,1981455.264,569577.2257,74.8499,tp
519,1981453.436,569573.6768,74.9948,tp
520,1981451.044,569575.2963,74.3458,tp
521,1981448.945,569572.6535,74.2486,tp
522,1981451.057,569570.2292,75.1253,tp
523,1981448.998,569567.2064,75.2887,tp
524,1981446.346,569568.0717,74.3995,tp
525,1981446.576,569563.6233,75.4424,tp
526,1981449.055,569561.5013,76.3931,tp
527,1981450.203,569560.4575,76.5849,tp
528,1981452.103,569561.3971,77.2232,tp
529,1981450.709,569563.6786,76.2564,tp
530,1981452.027,569566.1774,76.2498,tp
531,1981453.863,569566.1921,77.3056,tp
532,1981455.75,569567.6216,77.274,tp
533,1981453.849,569569.0958,76.4536,tp
534,1981455.634,569570.6288,76.4629,tp
535,1981457.949,569569.1817,77.4326,tp
536,1981459.624,569571.3174,77.4261,tp
537,1981457.613,569573.2252,76.3565,tp
538,1981459.56,569575.6424,76.245,tp
539,1981461.97,569574.9564,77.0752,tp
540,1981463.782,569576.1257,77.1416,tp
541,1981463.265,569581.8788,75.5655,tp
542,1981466.386,569579.7481,76.6207,tp
543,1981468.757,569581.6177,76.8813,tp
544,1981470.61,569579.7316,77.6601,tp
545,1981467.341,569583.7061,76.1026,tp
546,1981469.514,569586.2068,76.1586,tp
547,1981471.953,569584.326,76.9759,tp
548,1981472.989,569586.2747,76.8995,tp
549,1981471.589,569587.3132,76.1384,tp
550,1981472.757,569591.3911,76.4042,tp
551,1981476.412,569591.7783,77.0828,tp
552,1981476.6,569595.162,76.9361,tp
553,1981473.301,569595.7684,76.3662,tp
554,1981473.188,569599.2605,76.1996,tp
555,1981476.847,569599.7119,76.5908,tp
556,1981476.832,569602.9064,76.324,tp
557,1981473.409,569603.4933,75.9659,tp
558,1981473.014,569606.6349,75.8135,tp
559,1981476.249,569606.8141,76.1734,tp
560,1981476.525,569610.039,75.9919,tp
561,1981472.171,569610.221,75.2911,tp
562,1981479.467,569610.311,76.161,tp
563,1981483.107,569610.6732,76.4219,tp
564,1981483.374,569606.8702,76.9494,tp
565,1981479.695,569605.9836,76.544,tp
566,1981479.356,569602.3368,76.648,tp
567,1981482.607,569602.2192,77.038,tp
568,1981483.798,569598.5527,77.6151,tp
569,1981479.694,569597.8461,76.9078,tp
570,1981479.55,569594.7558,77.2738,tp
571,1981482.527,569594.8426,77.7248,tp
572,1981484.037,569592.1667,78.3696,tp
573,1981481.587,569590.0066,78.1377,tp
574,1981484.834,569595.8534,78.3965,tp
575,1981488.71,569596.3837,78.8063,tp
576,1981489.157,569599.2148,78.7011,tp
577,1981486.095,569599.5142,77.9466,tp
578,1981486.163,569602.5452,77.5211,tp
579,1981490.499,569603.6595,78.3466,tp
580,1981490.284,569606.9314,77.8507,tp
581,1981486.6,569607.4142,77.284,tp
582,1981489.751,569611.2002,77.5725,tp
583,1981486.457,569610.941,77.2613,bm1
584,1981493.735,569611.4405,78.4347,pt
585,1981496.606,569611.7707,78.4875,pt
586,1981497.086,569608.5556,78.9512,pt
587,1981493.937,569607.7715,78.3904,pt
588,1981494.028,569604.7113,79.1154,pt
589,1981497.625,569605.6467,79.766,pt
590,1981498.619,569603.7209,80.5447,pt
591,1981497.452,569601.9762,79.1744,pt
592,1981494.368,569602.2663,79.4398,pt
593,1981494.231,569598.2155,79.9029,pt
594,1981500.415,569612.1944,79.0162,pt
595,1981503.983,569612.559,79.3548,pt
596,1981504.93,569610.2967,80.9244,pt
597,1981501.543,569608.0097,80.3835,pt
598,1981502.767,569605.273,81.1597,pt
599,1981505.083,569606.1629,81.4841,pt
600,1981505.463,569609.5513,81.2145,pt
601,1981507.596,569612.4997,80.2119,pt
602,1981508.129,569608.6778,81.8488,pt
603,1981509.713,569610.8095,81.5775,pt
604,1981448.053,569557.6164,76.7881,pt
605,1981447.018,569554.4269,77.0164,pt
606,1981445.478,569552.2215,76.9099,pt
607,1981443.41,569548.7455,77.0875,pt
608,1981439.968,569550.4336,75.8449,pt
609,1981441.267,569553.348,75.899,pt
610,1981442.787,569556.5146,75.7342,pt
611,1981444.93,569560.273,75.5744,pt
612,1981442.627,569562.5823,74.3385,pt
613,1981440.61,569559.8112,74.3706,pt
614,1981439.196,569557.3368,74.5073,pt
615,1981437.13,569554.027,74.6057,pt
616,1981435.371,569551.2584,74.7407,pt
617,1981432.74,569552.2358,73.7975,pt
618,1981434.116,569555.5021,73.5609,pt
619,1981434.823,569557.7971,73.5806,pt
620,1981436.141,569560.7907,73.5489,pt
621,1981437.792,569564.2733,73.5311,pt
622,1981434.752,569565.7714,72.8855,pt
623,1981432.889,569562.8461,72.7954,pt
624,1981431.434,569559.9862,72.7862,pt
625,1981430.326,569557.4258,72.7986,pt
626,1981428.985,569554.6782,72.8257,pt
627,1981426.403,569555.3,72.479,pt
628,1981427.162,569558.167,72.3,pt
629,1981428.584,569560.7812,72.311,pt
630,1981429.794,569563.4379,72.3267,pt
631,1981431.215,569566.2773,72.3045,pt
632,1981432.847,569569.0924,72.2222,pt
633,1981429.677,569570.5034,71.3538,pt
634,1981427.507,569567.674,71.4745,pt
635,1981425.535,569564.6382,71.5041,pt
636,1981423.832,569561.7923,71.1239,pt
637,1981421.765,569558.1842,71.425,pt
638,1981418.699,569558.6645,70.5504,pt
639,1981420.138,569562.2608,70.348,pt
640,1981421.603,569564.5821,70.4331,pt
641,1981422.852,569567.9676,70.3854,pt
642,1981424.208,569570.6572,70.2093,pt
643,1981425.933,569573.4629,69.8169,pt
644,1981423.349,569574.9121,69.1249,pt
645,1981421.817,569572.7297,69.4556,pt
646,1981419.958,569570.1374,69.5312,pt
647,1981417.931,569567.0448,69.361,pt
648,1981416.414,569564.7873,69.3893,pt
649,1981414.93,569561.9575,69.5456,pt
650,1981413.553,569559.9124,69.478,pt
651,1981410.357,569561.6516,68.7177,pt
652,1981411.755,569564.917,68.8503,pt
653,1981413.662,569567.8409,68.6649,pt
654,1981415.096,569570.0533,68.0824,pt
655,1981417.287,569573.0678,68.5066,pt
656,1981419.44,569576.3085,67.9868,pt
657,1981417.601,569578.8124,67.4073,pt
658,1981414.912,569576.0051,67.3933,pt
659,1981413.021,569573.4372,67.1911,pt
660,1981410.847,569570.4943,67.8545,pt
661,1981408.853,569567.6579,67.9952,pt
662,1981406.969,569564.8442,67.7215,pt
663,1981404.086,569565.9708,66.7122,pt
664,1981405.01,569569.0163,66.6808,pt
665,1981406.336,569571.6741,66.5122,pt
666,1981407.945,569574.7487,66.1935,pt
667,1981409.792,569578.1265,65.8353,pt
668,1981411.217,569580.8794,65.8738,pt
669,1981409.025,569581.2478,65.2169,pt
670,1981407.528,569578.6331,65.1312,pt
671,1981406.296,569575.829,65.3418,pt
672,1981403.442,569576.7087,64.1919,pt
673,1981402.126,569574.1035,64.7032,pt
674,1981404.938,569572.4381,66.0397,pt
675,1981404.005,569569.5269,66.3638,pt
676,1981400.799,569570.1495,65.0974,pt
677,1981399.368,569567.3449,65.0052,pt
678,1981398.234,569565.21,64.9534,pt
679,1981394.166,569566.3045,63.7889,pt
680,1981393.995,569568.4075,62.9637,pt
681,1981394.203,569570.3888,62.3946,pt
682,1981391.719,569566.5674,62.9144,pt
683,1981390.322,569567.6606,61.9441,pt
684,1981387.952,569566.814,61.4926,pt
685,1981388.793,569564.56,62.565,pt
686,1981386.731,569562.7064,62.1603,pt
687,1981389.484,569562.8221,63.4929,pt
688,1981391.839,569560.2898,64.7428,pt
689,1981394.274,569559.6716,65.7401,pt
690,1981394.767,569561.631,65.3167,pt
691,1981397.157,569561.8754,65.9475,pt
692,1981397.563,569559.4016,66.8359,pt
693,1981399.94,569558.8272,67.1738,pt
694,1981400.851,569560.9707,66.7992,pt
695,1981403.382,569560.8612,67.2117,pt
696,1981404.339,569558.3743,67.7595,pt
697,1981406.579,569558.0669,68.2548,pt
698,1981407.518,569560.752,68.198,pt
699,1981410.628,569560.7942,68.7588,pt
700,1981410.43,569557.3822,69.0215,pt
701,1981413.092,569556.8488,69.5933,pt
702,1981412.893,569555.1697,69.6682,pt
703,1981412.336,569552.663,69.6892,pt
704,1981414.652,569550.9531,70.4394,pt
705,1981416.245,569553.1515,70.5668,pt
706,1981418.501,569552.1951,71.3588,pt
707,1981417.891,569550.0805,71.5505,pt
708,1981419.813,569548.5742,72.1626,pt
709,1981421.42,569550.5068,72.3257,pt
710,1981424.368,569549.3062,72.809,pt
711,1981423.487,569547.0652,72.8392,pt
712,1981425.632,569545.7414,73.2864,pt
713,1981427.996,569544.7594,73.8837,pt
714,1981429.53,569547.0565,73.8159,pt
715,1981431.668,569545.4529,74.3162,pt
716,1981431.24,569543.1598,74.2638,pt
717,1981433.019,569541.3308,74.6234,pt
718,1981433.937,569543.7676,74.8237,pt
719,1981436.502,569543.4879,75.3433,pt
720,1981435.69,569541.1981,75.3197,pt
721,1981437.458,569540.1729,75.8237,pt
722,1981438.17,569542.4879,75.9537,pt
723,1981516.152,569624.2678,77.4845,t1
724,1981475.725,569621.573,73.8479,t2
725,1981413.756,569467.9906,74.019,bbm  43
726,1981439.146,569537.8849,74.6768,tp
727,1981437.551,569536.0612,74.2513,tp
728,1981434.039,569537.7296,73.3142,tp
729,1981436.016,569541.8561,73.672,tp
730,1981431.565,569543.0504,72.8294,tp
731,1981429.624,569539.2917,72.6393,tp
732,1981425.917,569541.6375,72.2844,tp
733,1981423.877,569538.5202,72.3161,tp
734,1981427.666,569536.3946,72.5436,tp
735,1981430.874,569534.6497,72.8105,tp
736,1981433.311,569533.4852,73.1569,tp
737,1981431.291,569530.3854,73.0097,tp
738,1981426.534,569532.4377,72.4091,tp
739,1981422.919,569534.5678,72.322,tp
740,1981420.767,569530.7872,71.7087,tp
741,1981424.093,569528.4888,72.0498,tp
742,1981427.507,569526.282,72.4218,tp
743,1981426.22,569522.6277,72.1686,tp
744,1981422.114,569523.89,71.7514,tp
745,1981418.63,569525.0278,71.3225,tp
746,1981417.811,569522.1235,71.2576,tp
747,1981420.85,569520.7539,71.607,tp
748,1981424.166,569519.3855,72.4949,tp
749,1981426.31,569517.4859,72.8864,tp
750,1981425.512,569513.8915,73.2057,tp
751,1981420.508,569516.7901,71.6546,tp
752,1981416.166,569517.7768,71.0565,tp
753,1981410.938,569518.4732,70.1583,tp
754,1981412.027,569523.1321,70.3451,tp
755,1981413.694,569526.7592,70.3189,tp
756,1981415.741,569530.4897,70.5998,tp
757,1981417.337,569533.7959,70.8001,tp
758,1981418.749,569536.9626,71.1369,tp
759,1981420.565,569540.6828,71.5092,tp
760,1981416.694,569542.5311,70.5274,tp
761,1981414.902,569539.3723,70.3136,tp
762,1981413.339,569536.463,70.0858,tp
763,1981412.323,569533.7758,69.9422,tp
764,1981411.324,569530.4127,69.9841,tp
765,1981410.112,569527.0935,69.6444,tp
766,1981409.211,569524.4196,69.3419,tp
767,1981408.098,569521.5581,69.246,tp
768,1981407.056,569518.5038,69.0538,tp
769,1981403.896,569519.6716,68.2318,tp
770,1981405.191,569523.1764,68.4416,tp
771,1981406.367,569526.6202,68.9304,tp
772,1981407.538,569529.9157,69.2163,tp
773,1981409.146,569533.7028,69.4326,tp
774,1981410.479,569536.7202,69.5029,tp
775,1981411.602,569539.7443,69.4834,tp
776,1981413.669,569544.1277,69.6174,tp
777,1981410.848,569545.7237,68.4149,tp
778,1981409.015,569542.8695,68.4711,tp
779,1981407.699,569539.4917,68.6774,tp
780,1981405.836,569535.9798,68.5922,tp
781,1981404.183,569532.5055,68.3762,tp
782,1981402.511,569529.1635,67.9775,tp
783,1981400.974,569525.8289,67.6043,tp
784,1981399.079,569523.2428,67.135,tp
785,1981396.138,569524.0979,66.3374,tp
786,1981397.252,569528.0562,66.61,tp
787,1981398.344,569532.0856,66.6572,tp
788,1981399.109,569535.4798,66.6687,tp
789,1981399.919,569539.2972,66.7391,tp
790,1981400.53,569543.1019,66.3701,tp
791,1981401.68,569546.1886,65.9898,tp
792,1981404.407,569545.7109,66.9648,tp
793,1981407.006,569544.4094,67.8316,tp
794,1981407.976,569548.3026,67.5238,tp
795,1981409.387,569552.4528,67.5377,tp
796,1981405.764,569553.672,66.7267,tp
797,1981402.427,569555.2072,66.1757,tp
798,1981403.57,569550.5243,66.3934,tp
799,1981398.445,569551.8218,64.8121,tp
800,1981397.501,569547.9945,64.5804,tp
801,1981396.636,569544.6757,64.6957,tp
802,1981395.797,569541.5259,65.0764,tp
803,1981394.995,569537.9363,65.3128,tp
804,1981394.423,569534.2553,65.5093,tp
805,1981393.217,569530.4193,65.6839,tp
806,1981392.383,569526.8698,65.4825,tp
807,1981391.761,569523.6993,65.5274,tp
808,1981388.145,569524.6696,64.4064,tp
809,1981389.038,569528.6579,64.5558,tp
810,1981389.915,569531.8318,64.6038,tp
811,1981390.489,569535.3436,64.1905,tp
812,1981390.936,569538.0976,63.5839,tp
813,1981391.358,569541.1977,63.464,tp
814,1981391.586,569544.287,62.8753,tp
815,1981392.489,569547.4745,62.7164,tp
816,1981393.026,569550.6837,63.0394,tp
817,1981393.44,569554.3116,63.6765,tp
818,1981393.928,569557.6803,64.2032,tp
819,1981390.055,569555.2927,63.1444,tp
820,1981389.435,569551.1503,62.4628,tp
821,1981388.953,569548.1149,62.0541,tp
822,1981388.596,569544.8006,61.9409,tp
823,1981388.586,569541.6072,62.4208,tp
824,1981388.169,569538.7614,62.5962,tp
825,1981387.387,569535.3044,63.207,tp
826,1981386.696,569531.8173,63.5957,tp
827,1981386.193,569528.173,63.8893,tp
828,1981385.829,569523.9816,64.0159,tp
829,1981381.958,569524.3038,63.2878,tp
830,1981382.326,569528.1795,63.0371,tp
831,1981382.663,569531.572,62.7666,tp
832,1981383.085,569535.2296,62.1854,tp
833,1981383.592,569538.6691,61.5319,tp
834,1981383.822,569541.7348,61.2238,tp
835,1981384.403,569545.585,60.9582,tp
836,1981384.527,569549.8733,61.5074,tp
837,1981385.11,569553.1308,62.0654,tp
838,1981385.098,569555.7286,61.8002,tp
839,1981384.552,569559.061,61.0167,tp
840,1981382.075,569558.5966,59.8959,tp
841,1981381.85,569558.6976,59.894,tp
842,1981380.1,569558.4001,58.9398,tp
843,1981376.585,569558.7047,57.5133,tp
844,1981372.745,569559.7637,56.0094,tp
845,1981371.094,569557.4214,56.1832,tp
846,1981370.367,569553.0377,57.2124,tp
847,1981373.142,569552.2206,58.6669,tp
848,1981374.673,569551.8657,59.7575,tp
849,1981376.249,569548.6546,60.0701,tp
850,1981379.121,569547.9449,60.4386,tp
851,1981378.589,569544.141,59.7335,tp
852,1981379.18,569541.4454,59.0662,tp
853,1981378.298,569538.0321,59.589,tp
854,1981376.678,569534.5504,59.893,tp
855,1981375.511,569532.2609,60.5392,tp
856,1981374.159,569526.8994,61.095,tp
857,1981370.348,569527.7216,59.7785,tp
858,1981371.173,569531.0392,59.2746,tp
859,1981372.078,569534.1593,58.9216,tp
860,1981372.958,569537.0596,58.3146,tp
861,1981373.911,569540.346,57.726,tp
862,1981371.277,569540.5884,57.1243,tp
863,1981369.603,569536.4876,57.8891,tp
864,1981368.834,569533.6359,58.1807,tp
865,1981367.795,569530.2689,58.6501,tp
866,1981364.664,569531.5281,58.206,tp
867,1981365.596,569535.0506,57.6875,tp
868,1981366.722,569538.5631,57.1745,tp
869,1981367.255,569541.4635,56.7531,tp
870,1981368.455,569545.4085,57.0366,tp
871,1981369.525,569548.4576,57.4713,tp
872,1981373.005,569546.9987,58.6798,tp
873,1981372.381,569544.2189,58.0083,tp
874,1981375.369,569543.1183,58.8178,tp
875,1981376.753,569546.076,59.6838,tp
876,1981367.855,569553.6226,56.0992,tp
877,1981368.125,569557.2672,55.3944,tp
878,1981364.822,569557.4715,54.6837,tp
879,1981364.936,569553.352,55.3573,tp
880,1981364.434,569549.4616,55.7226,tp
881,1981363.98,569545.9603,56.0285,tp
882,1981363.194,569542.0229,56.4015,tp
883,1981362.306,569538.6533,57.1845,tp
884,1981361.487,569536.4118,57.6799,tp
885,1981360.535,569533.3719,57.9038,tp
886,1981357.614,569534.0165,56.9374,tp
887,1981358.332,569536.9229,56.3726,tp
888,1981359.261,569539.8197,56.0955,tp
889,1981360.358,569542.9441,55.8172,tp
890,1981361.769,569546.421,55.7374,tp
891,1981362.178,569550.5706,54.8872,tp
892,1981361.377,569554.4402,53.8515,tp
893,1981359.787,569557.5062,53.0577,tp
894,1981359.746,569560.4706,52.6623,tp
895,1981357.125,569553.9637,53.5922,tp
896,1981359.652,569554.4884,53.4467,tp
897,1981359.42,569550.8978,54.6426,tp
898,1981358.698,569547.685,55.0817,tp
899,1981358.156,569544.548,54.3681,tp
900,1981358.096,569541.2782,55.5388,tp
901,1981357.253,569537.7015,55.8881,tp
902,1981353.332,569535.8195,55.4861,tp
903,1981354.159,569539.2687,54.6966,tp
904,1981354.761,569542.668,54.3348,tp
905,1981355.226,569545.604,53.4518,tp
906,1981351.824,569545.615,52.5328,tp
907,1981351.335,569542.8466,53.339,tp
908,1981350.837,569539.6543,53.6985,tp
909,1981350.551,569536.2927,54.8301,tp
910,1981347.441,569536.6973,53.554,tp
911,1981348.112,569540.1712,52.8457,tp
912,1981349.045,569543.8287,52.5358,tp
913,1981349.506,569547.0622,52.2423,tp
914,1981346.956,569548.3841,51.6853,tp
915,1981346.787,569545.6446,51.5835,tp
916,1981346.329,569542.3916,51.9338,tp
917,1981345.971,569539.4631,52.3509,tp
918,1981345.974,569537.1739,52.9158,tp
919,1981342.552,569536.5819,51.5026,tp
920,1981339.632,569537.689,50.1793,tp
921,1981340.263,569540.8624,50.2691,tp
922,1981343.483,569540.3619,51.5109,tp
923,1981344.489,569543.6697,51.3056,tp
924,1981341.997,569544.5525,50.5523,tp
925,1981342.854,569548.0217,50.9927,tp
926,1981346.405,569547.2043,51.7248,tp
927,1981347.542,569550.2372,51.4797,tp
928,1981344.537,569551.1727,50.8145,tp
929,1981341.856,569551.6871,50.3079,tp
930,1981340.218,569548.5704,50.1424,tp
931,1981338.998,569546.0582,49.8055,tp
932,1981337.7,569543.1223,49.6106,tp
933,1981336.399,569540.1312,49.4373,tp
934,1981334.084,569542.9302,49.0004,tp
935,1981336.014,569546.7738,49.1414,tp
936,1981337.403,569550.5714,49.8292,tp
937,1981339.048,569553.6187,49.9705,tp
938,1981353.583,569549.2088,53.4204,tp
939,1981354.558,569552.7024,53.2805,tp
940,1981354.913,569555.5535,53.1666,tp
941,1981356.799,569552.0955,54.0102,tp
942,1981352.554,569553.1654,52.6824,tp
943,1981350.14,569553.9586,51.8218,tp
944,1981348.664,569558.2522,50.6874,tp
945,1981329.193,569557.5685,47.6461,tp
946,1981325.514,569557.8424,49.5152,tp
947,1981321.182,569552.5896,49.3513,tp
948,1981318.145,569551.7038,49.0502,tp
949,1981318.291,569555.9422,50.2937,tp
950,1981321.15,569555.9575,49.8547,tp
951,1981323.175,569558.3645,50.077,tp
952,1981320.978,569560.8159,50.7655,tp
953,1981325.166,569560.5334,50.3049,tp
954,1981322.917,569562.4468,50.7761,tp
955,1981320.065,569564.2274,51.4032,tp
956,1981318.706,569561.1477,51.0494,tp
957,1981317.551,569557.4692,50.7227,tp
958,1981317.087,569554.0057,49.8606,tp
959,1981317.468,569551.2554,48.899,tp
960,1981313.14,569550.8963,48.4251,tp
961,1981312.965,569554.7078,49.8183,tp
962,1981314.971,569558.0845,50.7169,tp
963,1981315.204,569561.4664,51.0467,tp
964,1981316.439,569565.403,51.7138,tp
965,1981313.07,569566.3273,51.5444,tp
966,1981312.262,569562.7556,50.737,tp
967,1981312.081,569560.342,50.4571,tp
968,1981311.364,569557.7161,50.1807,tp
969,1981311.228,569554.9286,49.5591,tp
970,1981310.142,569551.9199,48.3403,tp
971,1981309.362,569549.3553,47.4726,tp
972,1981305.077,569550.1634,47.0889,tp
973,1981306.144,569554.3671,48.5658,tp
974,1981307.374,569557.4643,49.4281,tp
975,1981308.23,569561.0561,49.6504,tp
976,1981309.109,569564.6452,50.2691,tp
977,1981310.566,569568.1122,51.3497,tp
978,1981308.074,569570.5468,50.8949,tp
979,1981306.332,569565.4364,49.3557,tp
980,1981304.579,569562.4783,48.6272,tp
981,1981303.14,569559.0798,48.4904,tp
982,1981302.53,569555.3634,48.1892,tp
983,1981301.128,569552.4058,46.8704,tp
984,1981297.849,569552.3089,46.2403,tp
985,1981297.936,569556.6901,47.4277,tp
986,1981299.61,569560.2929,47.5976,tp
987,1981301.863,569562.5879,47.9006,tp
988,1981298.016,569562.1681,47.0838,tp
989,1981297.755,569565.5021,46.6104,tp
990,1981294.95,569565.7144,45.7312,tp
991,1981294.613,569562.3584,46.2647,tp
992,1981294.191,569559.0435,46.5442,tp
993,1981297.004,569558.001,47.2275,tp
994,1981296.56,569554.8883,46.9449,tp
995,1981296.371,569552.3448,46.0174,tp
996,1981292.951,569555.6613,46.3875,tp
997,1981291.6,569551.6552,45.7911,tp
998,1981288.989,569549.2575,44.9591,tp
999,1981288.775,569546.1272,43.5829,tp
1000,1981287.635,569543.7008,42.3159,tp
1001,1981285.233,569541.0703,41.5913,tp
1002,1981284.358,569540.4341,41.2056,tp
1003,1981283.543,569541.6426,41.1046,tp
1004,1981284.052,569542.3489,41.5228,tp
1005,1981285.112,569545.4064,42.558,tp
1006,1981285.679,569549.5759,44.3227,tp
1007,1981286.498,569552.7409,45.2531,tp
1008,1981289.64,569555.4513,45.8362,tp
1009,1981286.605,569555.777,45.212,tp
1010,1981286.574,569559.3281,44.7042,tp
1011,1981290.281,569559.3763,45.5263,tp
1012,1981292.352,569561.9949,45.859,tp
1013,1981289.005,569562.9684,44.8821,tp
1014,1981289.94,569566.1111,44.7096,tp
1015,1981292.955,569566.6388,45.322,tp
1016,1981294.732,569567.2183,45.7017,tp
1017,1981295.971,569569.3285,46.0154,tp
1018,1981293.715,569570.4121,45.3763,tp
1019,1981290.156,569570.6444,44.7613,tp
1020,1981287.143,569565.9503,44.135,tp
1021,1981285.657,569561.8167,44.2202,tp
1022,1981284.479,569558.3428,44.4646,tp
1023,1981283.421,569553.9463,44.5099,tp
1024,1981281.468,569550.0107,43.6386,tp
1025,1981277.094,569550.5486,42.8405,tp
1026,1981277.579,569553.9797,43.3631,tp
1027,1981279.114,569557.7001,43.4236,tp
1028,1981280.606,569560.9665,43.4208,tp
1029,1981281.991,569564.0121,43.4417,tp
1030,1981283.623,569565.8408,43.6126,tp
1031,1981279.745,569563.954,43.1625,tp
1032,1981278.334,569560.2353,43.0926,tp
1033,1981276.315,569561.5455,42.7598,tp
1034,1981274.389,569558.4308,42.7513,tp
1035,1981277.021,569556.8349,43.1075,tp
1036,1981276.513,569553.4997,43.1066,tp
1037,1981276.26,569550.6543,42.7697,tp
1038,1981273.618,569549.8911,42.5007,tp
1039,1981274.177,569553.544,42.7662,tp
1040,1981274.135,569557.0372,42.8483,tp
1041,1981271.764,569554.4886,41.8812,tp
1042,1981270.211,569551.56,42.4038,tp
1043,1981269.545,569548.9787,42.0649,tp
1044,1981266.573,569550.9322,41.7936,tp
1045,1981263.73,569549.6258,40.8685,tp
1046,1981266.367,569553.7418,41.8281,tp
1047,1981264.171,569555.8611,41.1938,tp
1048,1981261.975,569554.3134,40.7274,tp
1049,1981260.095,569552.9656,39.7262,tp
1050,1981257.904,569552.1363,38.5919,tp
1051,1981256.868,569551.3727,37.9859,tp
1052,1981256.156,569555.4013,37.3428,tp
1053,1981251.916,569554.0728,38.9258,tp
1054,1981253.311,569548.9394,39.9257,tp
1055,1981254.543,569545.216,40.338,tp
1056,1981256.251,569547.7061,39.9483,tp
1057,1981260.14,569544.8544,40.4675,tp
1058,1981258.097,569542.459,40.6337,tp
1059,1981255.688,569541.0159,40.8288,tp
1060,1981256.944,569537.0635,41.2963,tp
1061,1981260.032,569539.5317,41.3629,tp
1062,1981261.607,569541.2154,41.4147,tp
1063,1981263.217,569543.5558,41.237,tp
1064,1981257.817,569534.363,41.7973,tp
1065,1981261.137,569536.0908,41.5376,tp
1066,1981263.174,569538.3033,41.5566,tp
1067,1981265.285,569540.404,41.4772,tp
1068,1981269.523,569554.7923,42.0608,tp
1069,1981266.583,569556.9776,41.2675,tp
1070,1981264.046,569558.7712,40.7772,tp
1071,1981261.471,569561.1762,39.9839,tp
1072,1981259.228,569563.2365,39.5877,tp
1073,1981257.167,569565.3386,38.8728,tp
1074,1981254.82,569567.1954,38.2915,tp
1075,1981251.547,569568.8813,37.764,tp
1076,1981251.561,569565.6031,37.4397,tp
1077,1981253.991,569564.5133,38.2137,tp
1078,1981253.798,569560.3449,38.1254,tp
1079,1981253.85,569559.4925,37.1009,tp
1080,1981251.549,569559.7818,37.6896,tp
1081,1981251.969,569558.8565,37.0425,tp
1082,1981256.371,569558.0506,38.3812,tp
1083,1981251.619,569572.6768,38.1963,tp
1084,1981254.382,569573.5982,39.0725,tp
1085,1981251.648,569577.0996,39.4914,tp
1086,1981255.39,569577.069,40.2297,tp
1087,1981251.654,569580.5345,40.2262,tp
1088,1981256.049,569579.9832,40.9176,tp
1089,1981256.065,569583.6974,41.6874,tp
1090,1981251.47,569584.1515,40.5688,tp
1091,1981256.279,569586.6303,41.7519,tp
1092,1981251.255,569587.449,40.7663,tp
1093,1981251.346,569591.4894,40.5517,tp
1094,1981256.216,569589.4751,41.5789,tp
1095,1981257.31,569593.8221,41.7929,tp
1096,1981254.387,569594.5836,41.1249,tp
1097,1981251.213,569594.9648,40.468,tp
1098,1981251.494,569600.4496,40.5596,tp
1099,1981254.446,569599.8187,41.4508,tp
1100,1981257.332,569597.9799,42.389,tp
1101,1981259.091,569601.2257,42.7053,tp
1102,1981255.999,569602.9711,41.8218,tp
1103,1981251.854,569603.5095,40.9166,tp
1104,1981251.776,569608.0933,42.1071,tp
1105,1981251.796,569612.3893,42.7143,tp
1106,1981251.914,569616.5122,43.0904,tp
1107,1981255.547,569615.6439,43.6692,tp
1108,1981256.051,569611.7535,43.2704,tp
1109,1981255.676,569607.7897,42.5479,tp
1110,1981259.795,569607.3274,43.3041,tp
1111,1981260.133,569611.9579,43.9599,tp
1112,1981259.837,569615.2264,44.2906,tp
1113,1981259.115,569619.4342,44.184,tp
1114,1981256.016,569619.6123,43.7683,tp
1115,1981251.985,569619.7476,43.4179,tp
1116,1981252.022,569624.9954,42.9684,tp
1117,1981255.074,569624.9279,43.3668,tp
1118,1981258.378,569624.356,43.6076,tp
1119,1981258.543,569630.3249,43.5901,tp
1120,1981255.144,569632.0591,42.9878,tp
1121,1981251.918,569632.228,42.5925,tp
1122,1981251.807,569636.7764,42.5994,tp
1123,1981251.597,569640.5905,42.6449,tp
1124,1981251.583,569641.8008,42.6196,tp
1125,1981255.023,569641.1109,43.2017,tp
1126,1981257.725,569640.2891,43.5096,tp
1127,1981255.067,569636.7669,43.0229,tp
1128,1981258.535,569635.8439,43.5059,tp
1129,1981258.785,569631.2753,43.6188,tp
1130,1981262.873,569631.334,44.2717,tp
1131,1981264.656,569634.9941,44.5357,tp
1132,1981265.677,569638.3911,44.492,tp
1133,1981268.045,569631.099,44.9967,tp
1134,1981271.913,569633.6233,45.7338,tp
1135,1981272.939,569636.4188,45.7781,tp
1136,1981278.601,569635.1365,46.6696,tp
1137,1981277.716,569632.0509,46.6835,tp
1138,1981276.73,569627.7948,46.7044,tp
1139,1981282.668,569627.1824,47.6597,tp
1140,1981283.378,569630.5593,47.7291,tp
1141,1981283.732,569634.027,47.867,tp
1142,1981281.383,569621.353,47.8448,tp
1143,1981276.933,569621.7349,47.0366,tp
1144,1981269.533,569621.444,45.8035,tp
1145,1981268.122,569618.089,45.5255,tp
1146,1981272.812,569616.6529,46.2846,tp
1147,1981278.605,569615.6062,47.182,tp
1148,1981278.627,569611.8522,46.9316,tp
1149,1981273.706,569613.1181,46.1946,tp
1150,1981270.127,569613.3465,45.7226,tp
1151,1981264.694,569612.8372,44.8708,tp
1152,1981262.071,569605.9598,43.6245,tp
1153,1981265.687,569605.528,44.3671,tp
1154,1981269.679,569604.7588,45.2007,tp
1155,1981272.814,569604.153,45.9131,tp
1156,1981276.437,569603.3108,46.6396,tp
1157,1981274.715,569597.3397,45.9499,tp
1158,1981271.005,569597.4801,44.2358,tp
1159,1981265.962,569599.9252,43.6709,tp
1160,1981263.687,569595.5573,43.5511,tp
1161,1981268.225,569593.9495,44.321,tp
1162,1981271.639,569592.6805,45.1358,tp
1163,1981275.465,569590.8896,45.9401,tp
1164,1981274.889,569585.5183,45.1985,tp
1165,1981269.362,569586.0545,44.0448,tp
1166,1981264.079,569587.1745,43.2806,tp
1167,1981262.61,569583.1948,42.4063,tp
1168,1981261.34,569580.1882,41.4895,tp
1169,1981261.539,569576.5911,40.7812,tp
1170,1981259.986,569572.82,40.0078,tp
1171,1981259.139,569567.7787,38.8915,tp
1172,1981262.872,569567.6093,39.7418,tp
1173,1981262.765,569563.9252,40.155,tp
1174,1981265.522,569562.6014,40.5712,tp
1175,1981267.226,569565.3175,40.7569,tp
1176,1981272.131,569568.4031,41.6733,tp
1177,1981268.984,569569.306,40.8209,tp
1178,1981269.302,569563.8703,41.0426,tp
1179,1981267.984,569560.6021,41.0703,tp
1180,1981271.119,569558.8732,41.8885,tp
1181,1981273.863,569567.0578,41.9757,tp
1182,1981271.208,569573.9423,41.946,tp
1183,1981275.26,569573.3072,42.6519,tp
1184,1981276.578,569578.3612,43.8822,tp
1185,1981271.847,569578.9148,43.2602,tp
1186,1981272.733,569584.4122,44.4587,tp
1187,1981279.009,569584.253,45.5658,tp
1188,1981279.911,569590.5077,46.8811,tp
1189,1981283.844,569591.7317,48.3237,tp
1190,1981285.251,569589.0399,48.3426,tp
1191,1981286.978,569586.0952,47.5899,tp
1192,1981290.668,569588.907,49.7183,tp
1193,1981291.536,569593.0211,50.2399,tp
1194,1981290.934,569597.3447,50.2154,tp
1195,1981296.134,569597.7739,51.369,tp
1196,1981295.641,569592.7842,51.3519,tp
1197,1981294.31,569589.087,50.6026,tp
1198,1981293.71,569584.5166,50.381,tp
1199,1981291.187,569583.8423,49.1321,tp
1200,1981290.379,569585.7537,48.4534,tp
1201,1981297.172,569582.7254,51.2345,tp
1202,1981301.002,569581.2842,51.5805,tp
1203,1981300.16,569586.9487,52.0837,tp
1204,1981303.356,569585.2429,52.9527,tp
1205,1981304.999,569588.8929,53.2165,tp
1206,1981301.707,569590.6679,52.7436,tp
1207,1981306.18,569593.6509,53.8433,tp
1208,1981307.122,569596.8674,54.1932,tp
1209,1981301.651,569595.5074,52.895,tp
1210,1981302.803,569597.8341,53.1581,tp
1211,1981298.201,569596.3606,52.0861,tp
1212,1981312.669,569593.225,54.814,tp
1213,1981317.427,569591.4538,55.6537,tp
1214,1981316.785,569587.6691,55.4665,tp
1215,1981322.888,569583.9998,55.9543,tp
1216,1981325.487,569589.5725,56.5374,tp
1217,1981327.395,569581.9899,55.8232,tp
1218,1981329.506,569584.5632,56.2144,tp
1219,1981333.166,569587.5296,56.6881,tp
1220,1981329.316,569592.2894,57.0545,tp
1221,1981333.104,569595.5221,57.5005,tp
1222,1981336.592,569592.8392,57.5599,tp
1223,1981340.761,569595.7752,58.1012,tp
1224,1981343.508,569618.1219,57.0161,tp
1225,1981339.951,569618.9035,56.3578,tp
1226,1981338.659,569614.9015,56.2934,tp
1227,1981341.583,569613.4235,57.4761,tp
1228,1981340.693,569610.1362,57.4605,tp
1229,1981337.187,569611.3808,57.3086,tp
1230,1981336.386,569608.0716,57.3159,tp
1231,1981334.925,569608.2439,56.7553,tp
1232,1981338.917,569607.422,57.0784,tp
1233,1981337.323,569603.8648,57.7021,tp
1234,1981332.938,569605.474,57.7183,tp
1235,1981329.22,569606.182,57.7866,tp
1236,1981329.843,569609.3389,57.4689,tp
1237,1981331.263,569612.9387,56.9769,tp
1238,1981333.833,569613.0759,56.8504,tp
1239,1981335.331,569616.301,55.6988,tp
1240,1981332.391,569617.4117,55.4839,tp
1241,1981336.567,569620.2128,55.7556,tp
1242,1981332.439,569621.4327,55.7536,tp
1243,1981331.173,569618.9624,55.16,tp
1244,1981328.025,569622.557,54.4248,tp
1245,1981327.332,569620.2728,54.7615,tp
1246,1981323.38,569621.0685,54.4223,tp
1247,1981323.494,569623.6416,53.9936,tp
1248,1981320.279,569622.3113,54.3803,tp
1249,1981320.459,569624.7233,53.8152,tp
1250,1981318.205,569623.3033,55.1104,tp
1251,1981318.107,569620.002,56.062,tp
1252,1981318.572,569617.1968,56.9765,tp
1253,1981321.364,569615.9525,56.8866,tp
1254,1981319.254,569612.2178,58.0491,tp
1255,1981322.994,569611.4291,57.7566,tp
1256,1981325.09,569613.7358,57.1615,tp
1257,1981326.896,569615.637,56.5952,tp
1258,1981324.215,569617.1645,56.0763,tp
1259,1981324.504,569618.7853,55.3537,tp
1260,1981327.999,569617.2488,55.7331,tp
1261,1981330.874,569616.3893,56.1307,tp
1262,1981330.426,569614.4734,56.8418,tree
1263,1981327.901,569611.6662,57.3269,tp
1264,1981323.145,569609.3339,57.9664,tp
1265,1981327.245,569606.7723,57.7576,tp
1266,1981330.989,569605.3507,57.7562,tp
1267,1981333.802,569602.9435,57.6653,tp
1268,1981329.77,569600.5964,58.0033,tp
1269,1981328.341,569597.0738,57.4242,tp
1270,1981325.057,569601.5778,57.8289,tp
1271,1981321.567,569604.6365,57.8722,tp
1272,1981318.608,569606.9677,58.4945,tp
1273,1981315.568,569606.5768,57.9575,tp
1274,1981312.677,569608.6417,57.3028,tp
1275,1981313.183,569612.3458,56.9754,tp
1276,1981313.11,569615.6287,56.2337,tp
1277,1981313.925,569618.7004,55.6181,tp
1278,1981314.612,569622.058,55.0156,tp
1279,1981315.556,569625.9323,53.7176,tp
1280,1981310.327,569627.2632,52.9597,tp
1281,1981309.662,569623.0304,53.8361,tp
1282,1981309.036,569619.3004,54.4289,tp
1283,1981309.177,569616.4776,55.0944,tp
1284,1981308.269,569613.2198,55.3215,tp
1285,1981307.623,569609.9303,55.5191,tp
1286,1981307.49,569606.1544,55.5961,tp
1287,1981307.101,569603.0145,55.1926,tp
1288,1981306.527,569599.7569,54.6465,tp
1289,1981303.383,569601.2104,53.8082,tp
1290,1981303.922,569605.6768,54.4102,tp
1291,1981304.518,569609.8984,54.3452,tp
1292,1981305.765,569613.5609,54.4256,tp
1293,1981306.54,569617.1253,54.0622,tp
1294,1981306.655,569620.4937,53.4927,tp
1295,1981306.97,569623.7969,53.0692,tp
1296,1981307.591,569628.2014,52.4285,tp
1297,1981303.719,569629.4807,51.5621,tp
1298,1981302.364,569626.004,51.6993,tp
1299,1981301.923,569622.0218,52.0164,tp
1300,1981301.247,569618.1681,52.3555,tp
1301,1981300.02,569614.4137,52.3064,tp
1302,1981299.405,569611.0721,52.3897,tp
1303,1981298.239,569607.3128,52.3775,tp
1304,1981296.568,569603.7297,52.0151,tp
1305,1981295.991,569600.7888,51.5932,tp
1306,1981293.079,569601.0155,50.5736,tp
1307,1981293.166,569604.7885,50.9399,tp
1308,1981293.722,569608.3966,50.9288,tp
1309,1981293.708,569612.4353,50.366,tp
1310,1981294.507,569615.825,50.3647,tp
1311,1981295.25,569619.9508,50.2863,tp
1312,1981296.211,569623.7024,50.3824,tp
1313,1981297.508,569627.8546,50.5655,tp
1314,1981298.637,569630.8627,50.5734,tp
1315,1981293.413,569631.9926,49.7569,tree
1316,1981292.65,569627.5123,49.6045,tp
1317,1981292.217,569623.3509,49.5837,tp
1318,1981290.806,569619.6646,49.1627,tp
1319,1981290.639,569616.3116,49.2938,tp
1320,1981290.331,569612.6168,49.4282,tp
1321,1981289.375,569608.382,49.7992,tp
1322,1981288.904,569605.0982,49.6156,tp
1323,1981288.324,569601.5554,49.0426,tp
1324,1981294.287,569605.8504,51.3128,tp
1325,1981291.402,569606.9958,50.4373,tp
1326,1981286.775,569607.7882,49.17,tp
1327,1981286.127,569603.872,48.5604,tp
1328,1981283.493,569608.6359,48.3352,tp
1329,1981282.755,569605.3298,47.9201,tp
1330,1981282.476,569600.8144,47.5764,tp
1331,1981281.923,569597.2156,47.9334,tp
1332,1981286.179,569600.1598,48.5634,tp
1333,1981285.559,569595.682,48.7718,tp
1334,1981282.307,569595.1723,48.0687,tp
1335,1981309.587,569590.8914,54.1908,tp
1336,1981309.302,569587.652,54.0787,tp
1337,1981308.355,569583.5978,54.0205,tp
1338,1981307.347,569580.6904,53.7123,tp
1339,1981304.508,569579.8438,52.4784,tp
1340,1981308.966,569576.8106,53.4565,tp
1341,1981309.799,569574.0211,52.4045,tp
1342,1981312.456,569572.5857,52.8819,tp
1343,1981313.389,569575.7117,53.9107,tp
1344,1981314.089,569579.0028,55.2051,tp
1345,1981314.086,569582.4199,55.1203,tp
1346,1981314.486,569585.523,55.1606,tp
1347,1981317.938,569584.8598,55.6388,tp
1348,1981315.721,569589.2394,55.2748,tp
1349,1981321.38,569593.0476,56.1902,tp
1350,1981318.16,569595.441,55.7448,tp
1351,1981314.563,569598.1321,55.4417,tp
1352,1981324.727,569594.6941,56.7537,tp
1353,1981329.268,569595.9907,57.3635,tp
1354,1981320.963,569582.3983,55.8029,tp
1355,1981320.088,569579.4945,55.5313,tp
1356,1981323.92,569582.3737,55.889,tp
1357,1981324.332,569577.449,54.601,tp
1358,1981320.676,569575.7489,53.6742,tp
1359,1981319.742,569572.5257,52.7574,tp
1360,1981316.547,569572.0673,53.1098,tp
1361,1981320.599,569569.3593,52.238,tp
1362,1981323.878,569566.8802,51.6071,tp
1363,1981326.124,569563.1865,50.6817,tp
1364,1981329.415,569561.3442,49.8963,tp
1365,1981333.66,569563.6891,50.4541,tree
1366,1981335.989,569564.8955,50.6508,tree
1367,1981334.296,569568.3791,51.3874,tp
1368,1981331.11,569566.5474,51.1619,tp
1369,1981328.344,569569.1268,51.5275,tp
1370,1981331.066,569571.757,52.5349,tp
1371,1981329.023,569574.8571,53.4854,tp
1372,1981325.564,569572.9419,52.5606,tp
1373,1981327.676,569578.4825,54.9586,tp
1374,1981331.083,569580.0691,55.2312,tp
1375,1981333.509,569582.7995,55.7948,tp
1376,1981335.8,569586.142,56.3802,tp
1377,1981338.114,569589.2644,56.7707,tp
1378,1981341.498,569591.0188,57.0319,tree
1379,1981344.553,569588.541,57.0933,tp
1380,1981342.281,569584.9695,56.1918,tp
1381,1981345.811,569582.2225,56.0517,tp
1382,1981349.392,569585.6248,57.2284,tp
1383,1981346.9,569580.3742,55.8116,tp
1384,1981343.604,569578.0252,55.2569,tp
1385,1981340.912,569575.8978,54.3775,tp
1386,1981341.256,569573.0544,53.066,tp
1387,1981343.443,569570.499,52.0828,tree
1388,1981348.443,569570.6907,52.7318,tree
1389,1981352.376,569570.3621,52.7871,tree
1390,1981353.685,569566.54,51.6586,tree
1391,1981358.655,569567.3443,52.0738,tree
1392,1981359.114,569570.297,53.2646,tree
1393,1981361.718,569570.2648,53.373,tree
1394,1981362.961,569567.4356,52.4848,tree
1395,1981361.734,569573.5809,55.0737,tp
1396,1981357.791,569575.4864,55.2298,tp
1397,1981354.256,569576.7846,55.2822,tp
1398,1981360.918,569579.7569,56.9793,tp
1399,1981355.64,569580.0784,56.4876,tp
1400,1981351.581,569579.7953,55.9804,tp
1401,1981249.718,569642.9201,42.1937,sc
1402,1981250.436,569627.1502,42.5151,sc
1403,1981251.404,569642.1351,42.6429,cp
1404,1981401.793,569487.6522,70.918,bm2
1405,1981406.266,569479.488,72.7021,gate
1406,1981404.227,569474.7089,72.6303,gate
1407,1981401.156,569473.0413,71.6299,g house
1408,1981396.295,569472.1699,71.5483,g house
1409,1981398.536,569470.6634,71.9492,g house
1410,1981388.729,569463.6352,71.5095,g house
1411,1981392.289,569460.116,71.6745,g house
1412,1981383.155,569473.1481,71.5671,m house
1413,1981377.972,569466.6734,71.9843,m house
1414,1981380.558,569463.971,71.6018,m house
1415,1981376.224,569459.0284,71.5066,m house
1416,1981378.01,569457.4203,71.5073,m house
1417,1981376.816,569455.7483,71.8845,m house
1418,1981377.428,569454.8011,71.5472,m house
1419,1981374.09,569451.0829,71.5513,m house
1420,1981373.163,569451.6427,71.7267,m house
1421,1981370.952,569449.6994,71.2757,m house
1422,1981379.131,569442.1461,71.5041,m house
1423,1981382.652,569448.9903,71.4555,gate
1424,1981380.492,569446.5842,71.5085,gate
1425,1981368.626,569430.3818,71.7517,m house
1426,1981369.086,569429.7018,71.6053,m house
1427,1981365.203,569425.1062,71.3763,m house
1428,1981363.752,569423.9926,72.5689,m house
1429,1981359.872,569427.4236,71.6198,m house
1430,1981371.573,569442.814,71.8275,m house
1431,1981374.561,569446.2137,71.5262,m house
1432,1981376.026,569444.9176,71.5348,m house
1433,1981363.636,569449.423,72.0606,m house
1434,1981353.075,569436.1446,69.357,tp
1435,1981351.818,569434.809,69.1807,tp
1436,1981354.34,569432.5954,71.2785,tp
1437,1981355.434,569433.9609,71.2676,tp
1438,1981361.344,569445.4172,69.2862,tp
1439,1981360.28,569446.5607,69.2304,tp
1440,1981364.038,569447.9742,71.5121,tp
1441,1981362.809,569448.8493,71.4809,tp
1442,1981351.783,569437.3516,69.1931,m house
1443,1981346.835,569441.7895,68.2576,m house
1444,1981345.417,569443.0817,68.1574,tp
1445,1981344.912,569443.4863,67.0138,tp
1446,1981360.334,569456.6565,68.4581,m house
1447,1981356.921,569456.9039,68.0538,tp
1448,1981357.151,569459.8322,68.152,m house
1449,1981355.939,569461.2551,68.0583,tp
1450,1981355.51,569461.5238,67.8225,tp
1451,1981360.554,569466.3218,68.0324,tp
1452,1981360.28,569466.7454,66.7272,tp
1453,1981374.342,569478.7365,68.1562,m house
1454,1981372.785,569480.465,66.431,tp
1455,1981375.159,569482.2804,68.084,tp
1456,1981375.045,569482.8505,66.7277,tp
1457,1981380.157,569477.8929,68.2565,tp
1458,1981378.767,569476.3833,68.3685,m house
1459,1981377.948,569475.5736,68.4349,m house
1460,1981380.273,569477.6581,68.0168,tp
1461,1981384.216,569474.3264,71.487,tp
1462,1981385.015,569475.3454,71.4661,tp
1463,1981384.382,569475.2511,70.7519,tp
1464,1981383.535,569478.3425,70.3369,tp
1465,1981384.009,569478.3684,71.4423,tp
1466,1981384.713,569480.9255,71.3943,tp
1467,1981384.332,569481.2605,70.2558,tp
1468,1981386.641,569482.7821,71.4065,tp
1469,1981386.499,569483.2589,70.2299,tp
1470,1981390.107,569483.4096,71.4334,tp
1471,1981393.468,569483.3615,71.419,tp
1472,1981393.514,569483.6938,70.3189,tp
1473,1981399.45,569481.7121,71.5831,tp
1474,1981399.448,569482.1664,71.4145,tp
1475,1981400.274,569484.9606,70.787,tp
1476,1981396.807,569486.2998,69.6821,tp
1477,1981391.565,569487.0325,68.7509,tp
1478,1981390.661,569484.0128,69.1709,tp
1479,1981387.127,569487.1371,68.3464,tp
1480,1981383.686,569486.5171,67.6721,tp
1481,1981380.21,569484.8509,67.1999,tree
1482,1981375.168,569485.9286,66.1858,tp
1483,1981378.678,569481.8725,68.3802,tp
1484,1981371.389,569484.4545,65.7096,tp
1485,1981369.028,569486.5119,64.2506,tp
1486,1981365.785,569483.7143,64.2935,tp
1487,1981367.926,569481.0769,65.8777,tp
1488,1981364.691,569477.7952,66.152,tp
1489,1981362.185,569479.6212,64.7469,tp
1490,1981358.901,569476.3768,64.595,tp
1491,1981361.275,569473.9936,66.2349,tp
1492,1981358.561,569471.1431,66.24,tp
1493,1981356.097,569472.5686,64.9646,tp
1494,1981353.432,569469.59,65.4695,tp
1495,1981355.913,569466.998,66.5961,tp
1496,1981351.231,569461.176,67.2043,tp
1497,1981348.494,569461.268,65.7928,tp
1498,1981345.246,569456.4871,65.5308,tp
1499,1981347.548,569454.7379,67.2569,tp
1500,1981345.738,569451.1742,65.9145,tp
1501,1981345.841,569448.2407,66.6135,tp
1502,1981341.621,569441.8102,67.1435,tp
1503,1981338.824,569443.4502,65.4258,tp
